date,adj_close
2015-12-01,145.38436889648438
2015-12-02,144.14852905273438
2015-12-03,142.14837646484375
2015-12-04,145.0673065185547
2015-12-07,144.1891632080078
2015-12-08,142.9126434326172
2015-12-09,142.27845764160156
2015-12-10,143.00213623046875
2015-12-11,140.4408721923828
2015-12-14,141.39224243164062
2015-12-15,142.66065979003906
2015-12-16,144.43304443359375
2015-12-17,142.36790466308594
2015-12-18,139.3590850830078
2015-12-21,140.3777618408203
2015-12-22,141.81214904785156
2015-12-23,143.2790985107422
2015-12-24,142.7982177734375
2015-12-28,142.6025848388672
2015-12-29,144.23252868652344
2015-12-30,143.2709503173828
2015-12-31,141.79576110839844
2016-01-04,139.59535217285156
2016-01-05,139.6769256591797
2016-01-06,137.68019104003906
2016-01-07,134.4365997314453
2016-01-08,133.03488159179688
2016-01-11,133.51573181152344
2016-01-12,134.4285125732422
2016-01-13,131.49465942382812
2016-01-14,133.32022094726562
2016-01-15,130.20208740234375
2016-01-19,130.47933959960938
2016-01-20,128.51425170898438
2016-01-21,129.3214569091797
2016-01-22,131.10719299316406
2016-01-25,129.40306091308594
2016-01-26,131.71876525878906
2016-01-27,129.89227294921875
2016-01-28,130.8788299560547
2016-01-29,134.0263214111328
2016-02-01,134.0018310546875
2016-02-02,131.61268615722656
2016-02-03,133.0722198486328
2016-02-04,133.83877563476562
2016-02-05,132.04483032226562
2016-02-08,130.7484130859375
2016-02-09,130.65870666503906
2016-02-10,129.96563720703125
2016-02-11,127.85382843017578
2016-02-12,130.4467010498047
2016-02-16,132.25692749023438
2016-02-17,134.48289489746094
2016-02-18,134.14866638183594
2016-02-19,133.97911071777344
2016-02-22,135.8124542236328
2016-02-23,134.34750366210938
2016-02-24,134.77313232421875
2016-02-25,136.54916381835938
2016-02-26,136.09071350097656
2016-02-29,135.01040649414062
2016-03-01,137.92408752441406
2016-03-02,138.22686767578125
2016-03-03,138.60340881347656
2016-03-04,139.15176391601562
2016-03-07,139.64279174804688
2016-03-08,138.82427978515625
2016-03-09,139.15176391601562
2016-03-10,139.18450927734375
2016-03-11,140.96046447753906
2016-03-14,141.10787963867188
2016-03-15,141.29608154296875
2016-03-16,141.97543334960938
2016-03-17,143.17845153808594
2016-03-18,144.10118103027344
2016-03-21,144.3636932373047
2016-03-22,144.1094207763672
2016-03-23,143.3794403076172
2016-03-24,143.48614501953125
2016-03-28,143.6337127685547
2016-03-29,144.4129180908203
2016-03-30,145.0854034423828
2016-03-31,144.88035583496094
2016-04-01,145.7661895751953
2016-04-04,145.2740936279297
2016-04-05,144.20777893066406
2016-04-06,145.20848083496094
2016-04-07,143.7731475830078
2016-04-08,144.07662963867188
2016-04-11,143.89620971679688
2016-04-12,145.24949645996094
2016-04-13,146.75047302246094
2016-04-14,146.9063720703125
2016-04-15,146.66004943847656
2016-04-18,147.5629425048828
2016-04-19,148.00625610351562
2016-04-20,148.35906982421875
2016-04-21,147.49720764160156
2016-04-22,147.66151428222656
2016-04-25,147.365966796875
2016-04-26,147.44808959960938
2016-04-27,147.9486541748047
2016-04-28,146.26611328125
2016-04-29,145.765380859375
2016-05-02,146.6764678955078
2016-05-03,145.52731323242188
2016-05-04,144.72303771972656
2016-05-05,144.8214874267578
2016-05-06,145.5602264404297
2016-05-09,145.26473999023438
2016-05-10,147.08689880371094
2016-05-11,145.52731323242188
2016-05-12,145.62582397460938
2016-05-13,144.03347778320312
2016-05-16,145.4945831298828
2016-05-17,144.09921264648438
2016-05-18,144.15664672851562
2016-05-19,143.37689208984375
2016-05-20,143.94696044921875
2016-05-23,143.96339416503906
2016-05-24,145.67660522460938
2016-05-25,146.84622192382812
2016-05-26,146.6814422607422
2016-05-27,147.02740478515625
2016-05-31,146.3272247314453
2016-06-01,146.3932647705078
2016-06-02,146.84622192382812
2016-06-03,146.6649627685547
2016-06-06,147.58750915527344
2016-06-07,147.7522735595703
2016-06-08,148.31239318847656
2016-06-09,148.1640625
2016-06-10,147.20054626464844
2016-06-13,146.08847045898438
2016-06-14,145.6353759765625
2016-06-15,145.4377899169922
2016-06-16,146.17079162597656
2016-06-17,145.68798828125
2016-06-20,146.74440002441406
2016-06-21,146.95899963378906
2016-06-22,146.55458068847656
2016-06-23,148.40341186523438
2016-06-24,143.2946014404297
2016-06-27,141.2972412109375
2016-06-28,143.45965576171875
2016-06-29,145.78704833984375
2016-06-30,147.73484802246094
2016-07-01,147.99070739746094
2016-07-05,147.0828094482422
2016-07-06,147.71832275390625
2016-07-07,147.56150817871094
2016-07-08,149.63307189941406
2016-07-11,150.30978393554688
2016-07-12,151.3579864501953
2016-07-13,151.53138732910156
2016-07-14,152.65374755859375
2016-07-15,152.69921875
2016-07-18,152.86447143554688
2016-07-19,153.1452178955078
2016-07-20,153.44259643554688
2016-07-21,152.78179931640625
2016-07-22,153.21954345703125
2016-07-25,152.6414031982422
2016-07-26,152.46792602539062
2016-07-27,152.45144653320312
2016-07-28,152.28627014160156
2016-07-29,152.07977294921875
2016-08-01,151.8650360107422
2016-08-02,151.12164306640625
2016-08-03,151.44384765625
2016-08-04,151.5181121826172
2016-08-05,153.01307678222656
2016-08-08,153.029541015625
2016-08-09,153.08749389648438
2016-08-10,152.89736938476562
2016-08-11,153.8720703125
2016-08-12,153.54171752929688
2016-08-15,154.05374145507812
2016-08-16,153.4260711669922
2016-08-17,153.70693969726562
2016-08-18,153.90516662597656
2016-08-19,153.60330200195312
2016-08-22,153.43753051757812
2016-08-23,153.5868377685547
2016-08-24,153.05636596679688
2016-08-25,152.8159942626953
2016-08-26,152.3601531982422
2016-08-29,153.1973114013672
2016-08-30,152.93203735351562
2016-08-31,152.45960998535156
2016-09-01,152.5922393798828
2016-09-02,153.2220916748047
2016-09-06,153.60330200195312
2016-09-07,153.60330200195312
2016-09-08,153.18902587890625
2016-09-09,149.94813537597656
2016-09-12,151.92919921875
2016-09-13,149.85696411132812
2016-09-14,149.55026245117188
2016-09-15,151.0670928955078
2016-09-16,150.2898406982422
2016-09-19,150.298095703125
2016-09-20,150.35623168945312
2016-09-21,151.69326782226562
2016-09-22,152.52371215820312
2016-09-23,151.49395751953125
2016-09-26,150.10707092285156
2016-09-27,151.1451873779297
2016-09-28,152.05862426757812
2016-09-29,150.4973907470703
2016-09-30,151.79286193847656
2016-10-03,151.41094970703125
2016-10-04,150.7133026123047
2016-10-05,151.69326782226562
2016-10-06,151.5769805908203
2016-10-07,151.3278350830078
2016-10-10,152.07530212402344
2016-10-11,150.4807586669922
2016-10-12,150.62196350097656
2016-10-13,150.18185424804688
2016-10-14,150.5554962158203
2016-10-17,150.0822296142578
2016-10-18,150.62196350097656
2016-10-19,151.1451873779297
2016-10-20,150.76319885253906
2016-10-21,150.6468048095703
2016-10-24,151.2619171142578
2016-10-25,150.86289978027344
2016-10-26,151.1039581298828
2016-10-27,150.90447998046875
2016-10-28,150.76318359375
2016-10-31,150.60516357421875
2016-11-01,149.7323760986328
2016-11-02,149.09228515625
2016-11-03,148.8927764892578
2016-11-04,148.56024169921875
2016-11-07,151.59445190429688
2016-11-08,152.4424285888672
2016-11-09,154.5871124267578
2016-11-10,156.3910369873047
2016-11-11,156.6736297607422
2016-11-14,156.92300415039062
2016-11-15,157.3968505859375
2016-11-16,157.0975799560547
2016-11-17,157.36361694335938
2016-11-18,157.10777282714844
2016-11-21,157.8412628173828
2016-11-22,158.4081268310547
2016-11-23,158.88328552246094
2016-11-25,159.4752655029297
2016-11-28,159.04164123535156
2016-11-29,159.38351440429688
2016-11-30,159.55857849121094
2016-12-01,159.97535705566406
2016-12-02,159.84207153320312
2016-12-05,160.24217224121094
2016-12-06,160.46728515625
2016-12-07,162.9599609375
2016-12-08,163.62673950195312
2016-12-09,164.8021240234375
2016-12-12,165.1273651123047
2016-12-13,166.08595275878906
2016-12-14,165.17726135253906
2016-12-15,165.6107940673828
2016-12-16,165.57916259765625
2016-12-19,165.9215850830078
2016-12-20,166.60667419433594
2016-12-21,166.38946533203125
2016-12-22,166.2307891845703
2016-12-23,166.29751586914062
2016-12-27,166.4312286376953
2016-12-28,165.48715209960938
2016-12-29,165.4119873046875
2016-12-30,165.0109405517578
2017-01-03,165.7711639404297
2017-01-04,166.3810577392578
2017-01-05,166.04690551757812
2017-01-06,166.68191528320312
2017-01-09,166.0552215576172
2017-01-10,165.75448608398438
2017-01-11,166.53150939941406
2017-01-12,166.04690551757812
2017-01-13,166.0050811767578
2017-01-17,165.49557495117188
2017-01-18,165.37857055664062
2017-01-19,164.81878662109375
2017-01-20,165.54888916015625
2017-01-23,165.3982696533203
2017-01-24,166.28480529785156
2017-01-25,167.60609436035156
2017-01-26,167.85704040527344
2017-01-27,167.78164672851562
2017-01-30,166.7364044189453
2017-01-31,165.88328552246094
2017-02-01,166.109130859375
2017-02-02,166.0924530029297
2017-02-03,167.57260131835938
2017-02-06,167.48902893066406
2017-02-07,167.7399139404297
2017-02-08,167.6813507080078
2017-02-09,168.69329833984375
2017-02-10,169.54620361328125
2017-02-13,170.7672576904297
2017-02-14,171.57839965820312
2017-02-15,172.5902862548828
2017-02-16,172.67385864257812
2017-02-17,172.64120483398438
2017-02-21,173.6390838623047
2017-02-22,173.95773315429688
2017-02-23,174.26805114746094
2017-02-24,174.36024475097656
2017-02-27,174.662109375
2017-02-28,174.40219116210938
2017-03-01,176.95143127441406
2017-03-02,176.00375366210938
2017-03-03,176.02059936523438
2017-03-06,175.6599884033203
2017-03-07,175.4000244140625
2017-03-08,174.9304962158203
2017-03-09,174.980712890625
2017-03-10,175.38323974609375
2017-03-13,175.20721435546875
2017-03-14,174.87168884277344
2017-03-15,175.7438507080078
2017-03-16,175.6264190673828
2017-03-17,175.4818878173828
2017-03-20,175.4398956298828
2017-03-21,173.37310791015625
2017-03-22,173.4233856201172
2017-03-23,173.3394012451172
2017-03-24,172.86898803710938
2017-03-27,172.4320068359375
2017-03-28,173.70913696289062
2017-03-29,173.3394012451172
2017-03-30,173.8855438232422
2017-03-31,173.36463928222656
2017-04-03,173.28900146484375
2017-04-04,173.6251220703125
2017-04-05,173.29747009277344
2017-04-06,173.45709228515625
2017-04-07,173.39825439453125
2017-04-10,173.40663146972656
2017-04-11,173.35626220703125
2017-04-12,172.80174255371094
2017-04-13,171.70953369140625
2017-04-17,173.22181701660156
2017-04-18,172.30601501464844
2017-04-19,171.2726287841797
2017-04-20,172.82699584960938
2017-04-21,172.60150146484375
2017-04-24,174.39276123046875
2017-04-25,176.32691955566406
2017-04-26,176.15032958984375
2017-04-27,176.22605895996094
2017-04-28,175.8223419189453
2017-05-01,175.6878204345703
2017-05-02,175.86441040039062
2017-05-03,175.94007873535156
2017-05-04,175.91488647460938
2017-05-05,176.40261840820312
2017-05-08,176.52880859375
2017-05-09,176.2764129638672
2017-05-10,176.15869140625
2017-05-11,175.99053955078125
2017-05-12,175.76348876953125
2017-05-15,176.5371551513672
2017-05-16,176.55392456054688
2017-05-17,173.6275634765625
2017-05-18,174.0395965576172
2017-05-19,175.23548889160156
2017-05-22,175.97772216796875
2017-05-23,176.37411499023438
2017-05-24,176.96450805664062
2017-05-25,177.60548400878906
2017-05-26,177.57183837890625
2017-05-30,177.29344177246094
2017-05-31,177.11636352539062
2017-06-01,178.2970733642578
2017-06-02,178.7273406982422
2017-06-05,178.6849822998047
2017-06-06,178.27182006835938
2017-06-07,178.56700134277344
2017-06-08,178.6849822998047
2017-06-09,179.36814880371094
2017-06-12,179.14044189453125
2017-06-13,179.95860290527344
2017-06-14,180.35504150390625
2017-06-15,180.2285614013672
2017-06-16,180.45155334472656
2017-06-19,181.60079956054688
2017-06-20,181.16140747070312
2017-06-21,180.7304229736328
2017-06-22,180.59524536132812
2017-06-23,180.60374450683594
2017-06-26,180.71351623535156
2017-06-27,179.91928100585938
2017-06-28,181.02613830566406
2017-06-29,179.64886474609375
2017-06-30,180.18121337890625
2017-07-03,181.23739624023438
2017-07-05,181.3134765625
2017-07-06,180.0966339111328
2017-07-07,180.86563110351562
2017-07-10,180.81488037109375
2017-07-11,180.80653381347656
2017-07-12,181.86268615722656
2017-07-13,182.0570068359375
2017-07-14,182.73304748535156
2017-07-17,182.69915771484375
2017-07-18,182.2598114013672
2017-07-19,182.78369140625
2017-07-20,182.6739501953125
2017-07-21,182.315185546875
2017-07-24,181.9429931640625
2017-07-25,182.59445190429688
2017-07-26,183.39801025390625
2017-07-27,184.16770935058594
2017-07-28,184.42152404785156
2017-07-31,184.99671936035156
2017-08-01,185.56349182128906
2017-08-02,186.00331115722656
2017-08-03,186.14710998535156
2017-08-04,186.57846069335938
2017-08-07,186.8153839111328
2017-08-08,186.6800537109375
2017-08-09,186.51922607421875
2017-08-10,184.91204833984375
2017-08-11,184.99671936035156
2017-08-14,186.07098388671875
2017-08-15,186.23167419433594
2017-08-16,186.4939727783203
2017-08-17,184.24383544921875
2017-08-18,183.60704040527344
2017-08-21,183.78514099121094
2017-08-22,185.43865966796875
2017-08-23,184.78573608398438
2017-08-24,184.56527709960938
2017-08-25,184.8874053955078
2017-08-28,184.8026123046875
2017-08-29,185.35385131835938
2017-08-30,185.64212036132812
2017-08-31,186.14244079589844
2017-09-01,186.4815673828125
2017-09-05,184.57362365722656
2017-09-06,185.0654754638672
2017-09-07,184.9468536376953
2017-09-08,185.05709838867188
2017-09-11,187.19386291503906
2017-09-12,187.7534637451172
2017-09-13,188.0418701171875
2017-09-14,188.51673889160156
2017-09-15,189.0163116455078
2017-09-18,189.6195526123047
2017-09-19,189.97653198242188
2017-09-20,190.24838256835938
2017-09-21,189.88302612304688
2017-09-22,189.65359497070312
2017-09-25,189.33067321777344
2017-09-26,189.22027587890625
2017-09-27,189.58560180664062
2017-09-28,189.9934844970703
2017-09-29,190.18040466308594
2017-10-02,191.3870086669922
2017-10-03,192.23672485351562
2017-10-04,192.3811492919922
2017-10-05,193.4262237548828
2017-10-06,193.3497772216797
2017-10-09,193.33277893066406
2017-10-10,193.95303344726562
2017-10-11,194.25048828125
2017-10-12,194.0125274658203
2017-10-13,194.3524932861328
2017-10-16,194.9641876220703
2017-10-17,195.30413818359375
2017-10-18,196.6721954345703
2017-10-19,196.8335723876953
2017-10-20,198.24781799316406
2017-10-23,197.83953857421875
2017-10-24,199.2341766357422
2017-10-25,198.27322387695312
2017-10-26,198.85997009277344
2017-10-27,199.13201904296875
2017-10-30,198.41770935058594
2017-10-31,198.67294311523438
2017-11-01,199.1491241455078
2017-11-02,199.80397033691406
2017-11-03,199.99099731445312
2017-11-06,200.18658447265625
2017-11-07,200.19509887695312
2017-11-08,200.22914123535156
2017-11-09,199.59982299804688
2017-11-10,199.35324096679688
2017-11-13,199.5487823486328
2017-11-14,199.22564697265625
2017-11-15,198.1031951904297
2017-11-16,199.76141357421875
2017-11-17,198.94479370117188
2017-11-20,199.5926513671875
2017-11-21,200.9394073486328
2017-11-22,200.46212768554688
2017-11-24,200.7178497314453
2017-11-27,200.9394073486328
2017-11-28,203.16421508789062
2017-11-29,204.08493041992188
2017-11-30,207.00009155273438
2017-12-01,206.6676788330078
2017-12-04,207.23025512695312
2017-12-05,206.29266357421875
2017-12-06,205.96011352539062
2017-12-07,206.5909423828125
2017-12-08,207.66506958007812
2017-12-11,208.1338348388672
2017-12-12,209.21636962890625
2017-12-13,209.949462890625
2017-12-14,209.32723999023438
2017-12-15,210.3874969482422
2017-12-18,211.7031707763672
2017-12-19,211.36997985839844
2017-12-20,211.08799743652344
2017-12-21,211.59207153320312
2017-12-22,211.36997985839844
2017-12-26,211.24179077148438
2017-12-27,211.43836975097656
2017-12-28,211.9937286376953
2017-12-29,211.3528594970703
2018-01-02,211.89976501464844
2018-01-03,212.69435119628906
2018-01-04,214.1039276123047
2018-01-05,215.91517639160156
2018-01-08,215.80416870117188
2018-01-09,216.85501098632812
2018-01-10,216.68408203125
2018-01-11,218.38427734375
2018-01-12,220.3494110107422
2018-01-16,220.2639617919922
2018-01-17,223.05767822265625
2018-01-18,222.27171325683594
2018-01-19,222.7195587158203
2018-01-22,223.9506072998047
2018-01-23,223.85653686523438
2018-01-24,224.45489501953125
2018-01-25,225.46363830566406
2018-01-26,227.31021118164062
2018-01-29,225.81427001953125
2018-01-30,222.7880401611328
2018-01-31,223.4890594482422
2018-02-01,223.64283752441406
2018-02-02,217.92404174804688
2018-02-05,207.95657348632812
2018-02-06,212.820556640625
2018-02-07,212.6496124267578
2018-02-08,204.02435302734375
2018-02-09,206.89657592773438
2018-02-12,210.43557739257812
2018-02-13,210.77755737304688
2018-02-14,213.11126708984375
2018-02-15,215.8467254638672
2018-02-16,215.93670654296875
2018-02-20,213.6998748779297
2018-02-21,212.30284118652344
2018-02-22,213.81991577148438
2018-02-23,216.75083923339844
2018-02-26,220.18756103515625
2018-02-27,217.65078735351562
2018-02-28,214.42837524414062
2018-03-01,210.81166076660156
2018-03-02,210.2718048095703
2018-03-05,213.2627410888672
2018-03-06,213.2627410888672
2018-03-07,212.63719177246094
2018-03-08,213.51995849609375
2018-03-09,217.30789184570312
2018-03-12,215.93670654296875
2018-03-13,214.4454803466797
2018-03-14,212.44004821777344
2018-03-15,213.39990234375
2018-03-16,213.8755645751953
2018-03-19,211.13662719726562
2018-03-20,212.15838623046875
2018-03-21,211.74627685546875
2018-03-22,205.5128173828125
2018-03-23,201.88099670410156
2018-03-26,207.62506103515625
2018-03-27,204.59417724609375
2018-03-28,204.58567810058594
2018-03-29,207.26434326171875
2018-04-02,202.7567596435547
2018-04-03,206.19114685058594
2018-04-04,208.17449951171875
2018-04-05,210.27816772460938
2018-04-06,205.31539916992188
2018-04-09,205.83056640625
2018-04-10,209.5052490234375
2018-04-11,207.676513671875
2018-04-12,210.19224548339844
2018-04-13,209.1360626220703
2018-04-16,210.8876190185547
2018-04-17,212.75941467285156
2018-04-18,212.39874267578125
2018-04-19,211.70335388183594
2018-04-20,210.02133178710938
2018-04-23,209.90969848632812
2018-04-24,206.25010681152344
2018-04-25,206.77406311035156
2018-04-26,208.85299682617188
2018-04-27,208.70693969726562
2018-04-30,207.4957733154297
2018-05-01,206.8257293701172
2018-05-02,205.40814208984375
2018-05-03,205.3995361328125
2018-05-04,208.33749389648438
2018-05-07,209.11073303222656
2018-05-08,209.11073303222656
2018-05-09,210.81167602539062
2018-05-10,212.58131408691406
2018-05-11,213.5090789794922
2018-05-14,214.1361541748047
2018-05-15,212.45237731933594
2018-05-16,213.0194549560547
2018-05-17,212.82176208496094
2018-05-18,212.78472900390625
2018-05-21,215.31753540039062
2018-05-22,213.8013458251953
2018-05-23,214.1890411376953
2018-05-24,213.5687713623047
2018-05-25,213.10353088378906
2018-05-29,209.7264404296875
2018-05-30,212.52642822265625
2018-05-31,210.3554229736328
2018-06-01,212.23348999023438
2018-06-04,213.8185577392578
2018-06-05,213.77542114257812
2018-06-06,216.67868041992188
2018-06-07,217.5487518310547
2018-06-08,218.18624877929688
2018-06-11,218.28956604003906
2018-06-12,218.21202087402344
2018-06-13,217.24720764160156
2018-06-14,217.0835723876953
2018-06-15,216.3294677734375
2018-06-18,215.45816040039062
2018-06-19,212.999267578125
2018-06-20,212.63685607910156
2018-06-21,210.9458770751953
2018-06-22,211.97256469726562
2018-06-25,209.05641174316406
2018-06-26,209.36700439453125
2018-06-27,208.02969360351562
2018-06-28,208.85800170898438
2018-06-29,209.4187469482422
2018-07-02,209.4187469482422
2018-07-03,208.49560546875
2018-07-05,210.12620544433594
2018-07-06,211.03211975097656
2018-07-09,213.82752990722656
2018-07-10,215.02676391601562
2018-07-11,213.17178344726562
2018-07-12,215.08712768554688
2018-07-13,215.86363220214844
2018-07-16,216.26910400390625
2018-07-17,216.79539489746094
2018-07-18,217.4424285888672
2018-07-19,216.37265014648438
2018-07-20,216.344970703125
2018-07-23,216.1894989013672
2018-07-24,217.8740692138672
2018-07-25,219.4376220703125
2018-07-26,220.3878631591797
2018-07-27,219.6448516845703
2018-07-30,218.44410705566406
2018-07-31,219.56724548339844
2018-08-01,218.65151977539062
2018-08-02,218.64285278320312
2018-08-03,219.75717163085938
2018-08-06,220.15469360351562
2018-08-07,221.2516632080078
2018-08-08,220.81980895996094
2018-08-09,220.42237854003906
2018-08-10,218.81561279296875
2018-08-13,217.72718811035156
2018-08-14,218.73782348632812
2018-08-15,217.48524475097656
2018-08-16,221.0962371826172
2018-08-17,222.05545043945312
2018-08-20,222.851806640625
2018-08-21,223.40585327148438
2018-08-22,222.6354522705078
2018-08-23,222.03807067871094
2018-08-24,223.21542358398438
2018-08-27,225.57876586914062
2018-08-28,225.63064575195312
2018-08-29,226.22801208496094
2018-08-30,225.08529663085938
2018-08-31,224.94671630859375
2018-09-04,224.84295654296875
2018-09-05,225.00735473632812
2018-09-06,225.3276824951172
2018-09-07,224.67848205566406
2018-09-10,224.1590118408203
2018-09-11,225.10263061523438
2018-09-12,225.29307556152344
2018-09-13,226.6174774169922
2018-09-14,226.71273803710938
2018-09-17,225.92503356933594
2018-09-18,227.59576416015625
2018-09-19,228.90283203125
2018-09-20,231.17095947265625
2018-09-21,231.71397399902344
2018-09-24,230.23931884765625
2018-09-25,229.6408233642578
2018-09-26,228.81668090820312
2018-09-27,229.2244110107422
2018-09-28,229.35462951660156
2018-10-01,231.37576293945312
2018-10-02,232.1042938232422
2018-10-03,232.4339599609375
2018-10-04,230.95938110351562
2018-10-05,229.28512573242188
2018-10-08,229.7275390625
2018-10-09,229.20709228515625
2018-10-10,222.1199951171875
2018-10-11,217.09744262695312
2018-10-12,219.72581481933594
2018-10-15,218.89308166503906
2018-10-16,223.73342895507812
2018-10-17,222.90943908691406
2018-10-18,220.0554962158203
2018-10-19,220.74551391601562
2018-10-22,219.6344451904297
2018-10-23,218.44532775878906
2018-10-24,213.21141052246094
2018-10-25,216.79624938964844
2018-10-26,213.9839630126953
2018-10-29,212.19586181640625
2018-10-30,215.867431640625
2018-10-31,218.0286865234375
2018-11-01,220.2333984375
2018-11-02,219.1309814453125
2018-11-05,220.88438415527344
2018-11-06,222.40338134765625
2018-11-07,227.22061157226562
2018-11-08,227.49847412109375
2018-11-09,225.75381469726562
2018-11-12,220.65875244140625
2018-11-13,219.65185546875
2018-11-14,217.78570556640625
2018-11-15,219.7906951904297
2018-11-16,221.03573608398438
2018-11-19,217.39028930664062
2018-11-20,212.72686767578125
2018-11-21,212.8572998046875
2018-11-23,211.25637817382812
2018-11-26,214.37112426757812
2018-11-27,215.3369903564453
2018-11-28,220.8530731201172
2018-11-29,220.6355743408203
2018-11-30,222.3060302734375
2018-12-03,225.10760498046875
2018-12-04,218.147216796875
2018-12-06,217.2684326171875
2018-12-07,212.5614776611328
2018-12-10,212.90953063964844
2018-12-11,212.49185180664062
2018-12-12,213.92739868164062
2018-12-13,214.2667694091797
2018-12-14,210.047119140625
2018-12-17,205.7054901123047
2018-12-18,206.5146484375
2018-12-19,203.0867156982422
2018-12-20,199.14527893066406
2018-12-21,195.4951934814453
2018-12-24,190.26954650878906
2018-12-26,199.5257110595703
2018-12-27,201.75027465820312
2018-12-28,201.06979370117188
2018-12-31,203.44284057617188
2019-01-02,203.58236694335938
2019-01-03,197.78958129882812
2019-01-04,204.38499450683594
2019-01-07,205.3271484375
2019-01-08,207.5604705810547
2019-01-09,208.43283081054688
2019-01-10,209.37503051757812
2019-01-11,209.27047729492188
2019-01-14,208.45028686523438
2019-01-15,209.93344116210938
2019-01-16,210.99761962890625
2019-01-17,212.69017028808594
2019-01-18,215.6793975830078
2019-01-22,213.01666259765625
2019-01-23,214.51828002929688
2019-01-24,214.29995727539062
2019-01-25,215.97630310058594
2019-01-28,213.9770050048828
2019-01-29,214.50958251953125
2019-01-30,218.41195678710938
2019-01-31,218.3595733642578
2019-02-01,218.6739044189453
2019-02-04,220.28018188476562
2019-02-05,221.71194458007812
2019-02-06,221.63330078125
2019-02-07,219.91346740722656
2019-02-08,219.40724182128906
2019-02-11,219.07545471191406
2019-02-12,222.20962524414062
2019-02-13,223.31837463378906
2019-02-14,222.75962829589844
2019-02-15,226.42579650878906
2019-02-19,226.56588745117188
2019-02-20,227.1698455810547
2019-02-21,226.32073974609375
2019-02-22,227.75645446777344
2019-02-25,228.38670349121094
2019-02-26,228.08035278320312
2019-02-27,227.49386596679688
2019-02-28,226.97732543945312
2019-03-01,227.97535705566406
2019-03-04,226.10191345214844
2019-03-05,226.02317810058594
2019-03-06,224.86761474609375
2019-03-07,223.06427001953125
2019-03-08,222.9766387939453
2019-03-11,224.77133178710938
2019-03-12,223.98338317871094
2019-03-13,225.28787231445312
2019-03-14,225.45419311523438
2019-03-15,226.63397216796875
2019-03-18,227.20428466796875
2019-03-19,227.10772705078125
2019-03-20,225.7128448486328
2019-03-21,227.7218780517578
2019-03-22,223.66893005371094
2019-03-25,223.76539611816406
2019-03-26,224.9847412109375
2019-03-27,224.67770385742188
2019-03-28,225.52865600585938
2019-03-29,227.3270263671875
2019-04-01,230.1869659423828
2019-04-02,229.57289123535156
2019-04-03,229.8448028564453
2019-04-04,231.40640258789062
2019-04-05,231.73973083496094
2019-04-08,230.91514587402344
2019-04-09,229.41493225097656
2019-04-10,229.49400329589844
2019-04-11,229.31849670410156
2019-04-12,231.66085815429688
2019-04-15,231.4326934814453
2019-04-16,232.06439208984375
2019-04-17,232.06439208984375
2019-04-18,233.1071014404297
2019-04-22,232.6770782470703
2019-04-23,233.91468811035156
2019-04-24,233.4232635498047
2019-04-25,232.2030487060547
2019-04-26,232.91407775878906
2019-04-29,233.0018768310547
2019-04-30,233.30905151367188
2019-05-01,231.86947631835938
2019-05-02,230.7546844482422
2019-05-03,232.58924865722656
2019-05-06,231.97476196289062
2019-05-07,227.80531311035156
2019-05-08,227.9281768798828
2019-05-09,226.8572998046875
2019-05-10,228.15638732910156
2019-05-13,222.49452209472656
2019-05-14,224.54867553710938
2019-05-15,225.5231170654297
2019-05-16,227.48936462402344
2019-05-17,226.5424346923828
2019-05-20,225.8649444580078
2019-05-21,227.71286010742188
2019-05-22,226.68321228027344
2019-05-23,224.18406677246094
2019-05-24,225.3808135986328
2019-05-28,223.04891967773438
2019-05-29,221.1129150390625
2019-05-30,221.6409149169922
2019-05-31,218.42897033691406
2019-06-03,218.67538452148438
2019-06-04,223.207275390625
2019-06-05,225.03765869140625
2019-06-06,226.78880310058594
2019-06-07,229.01516723632812
2019-06-10,229.66635131835938
2019-06-11,229.56954956054688
2019-06-12,229.1912078857422
2019-06-13,230.16798400878906
2019-06-14,230.1239471435547
2019-06-17,230.2735595703125
2019-06-18,233.4854278564453
2019-06-19,233.6878662109375
2019-06-20,235.9053955078125
2019-06-21,235.6029510498047
2019-06-24,235.66464233398438
2019-06-25,233.97976684570312
2019-06-26,233.9446258544922
2019-06-27,233.8828887939453
2019-06-28,234.50027465820312
2019-07-01,235.48828125
2019-07-02,236.09689331054688
2019-07-03,237.7727508544922
2019-07-05,237.51690673828125
2019-07-08,236.4495849609375
2019-07-09,236.2732696533203
2019-07-10,237.00534057617188
2019-07-11,238.97251892089844
2019-07-12,241.15127563476562
2019-07-15,241.3363800048828
2019-07-16,241.17759704589844
2019-07-17,240.17198181152344
2019-07-18,240.16314697265625
2019-07-19,239.63619995117188
2019-07-22,239.81277465820312
2019-07-23,241.3135986328125
2019-07-24,240.66014099121094
2019-07-25,239.58319091796875
2019-07-26,239.99815368652344
2019-07-29,240.2364959716797
2019-07-30,240.04232788085938
2019-07-31,237.049560546875
2019-08-01,234.61305236816406
2019-08-02,233.77438354492188
2019-08-05,226.968017578125
2019-08-06,229.78408813476562
2019-08-07,229.7399444580078
2019-08-08,233.17405700683594
2019-08-09,232.3353729248047
2019-08-12,228.9984893798828
2019-08-13,232.3265380859375
2019-08-14,225.18479919433594
2019-08-15,226.31466674804688
2019-08-16,229.14183044433594
2019-08-19,231.3192596435547
2019-08-20,229.85873413085938
2019-08-21,231.92994689941406
2019-08-22,232.3990478515625
2019-08-23,226.8493194580078
2019-08-26,229.33653259277344
2019-08-27,228.18585205078125
2019-08-28,230.47836303710938
2019-08-29,233.5851593017578
2019-08-30,233.78871154785156
2019-09-03,231.3900909423828
2019-09-04,233.61172485351562
2019-09-05,236.93096923828125
2019-09-06,237.4975128173828
2019-09-09,237.9222412109375
2019-09-10,238.44442749023438
2019-09-11,240.4803009033203
2019-09-12,241.0379638671875
2019-09-13,241.2857666015625
2019-09-16,240.02003479003906
2019-09-17,240.36524963378906
2019-09-18,240.72802734375
2019-09-19,240.2413787841797
2019-09-20,238.89002990722656
2019-09-23,238.98764038085938
2019-09-24,237.75439453125
2019-09-25,239.18280029296875
2019-09-26,238.56178283691406
2019-09-27,237.77207946777344
2019-09-30,238.82794189453125
2019-10-01,235.56292724609375
2019-10-02,231.32186889648438
2019-10-03,232.46644592285156
2019-10-04,235.70486450195312
2019-10-07,234.88853454589844
2019-10-08,232.08480834960938
2019-10-09,233.72622680664062
2019-10-10,235.128173828125
2019-10-11,237.92303466796875
2019-10-14,237.65676879882812
2019-10-15,239.7506103515625
2019-10-16,239.62657165527344
2019-10-17,239.89260864257812
2019-10-18,237.6135711669922
2019-10-21,238.11961364746094
2019-10-22,237.77333068847656
2019-10-23,238.14634704589844
2019-10-24,237.91554260253906
2019-10-25,239.353759765625
2019-10-28,240.4280242919922
2019-10-29,240.48126220703125
2019-10-30,241.25369262695312
2019-10-31,240.1350555419922
2019-11-01,242.6741485595703
2019-11-04,243.74832153320312
2019-11-05,243.9792022705078
2019-11-06,243.9703369140625
2019-11-07,245.96795654296875
2019-11-08,245.98570251464844
2019-11-11,246.06549072265625
2019-11-12,246.1810302734375
2019-11-13,246.8557891845703
2019-11-14,247.0155029296875
2019-11-15,248.99378967285156
2019-11-18,249.28720092773438
2019-11-19,248.45101928710938
2019-11-20,247.44601440429688
2019-11-21,247.01910400390625
2019-11-22,248.0330047607422
2019-11-25,249.7584686279297
2019-11-26,250.256591796875
2019-11-27,250.74586486816406
2019-11-29,249.89215087890625
2019-12-02,247.44601440429688
2019-12-03,245.05340576171875
2019-12-04,246.42323303222656
2019-12-05,246.6988525390625
2019-12-06,249.66973876953125
2019-12-09,248.83367919921875
2019-12-10,248.5666961669922
2019-12-11,248.79808044433594
2019-12-12,250.78152465820312
2019-12-13,250.9239501953125
2019-12-16,251.7776641845703
2019-12-17,252.07127380371094
2019-12-18,251.9022674560547
2019-12-19,253.0139617919922
2019-12-20,253.78659057617188
2019-12-23,254.56277465820312
2019-12-24,254.2774658203125
2019-12-26,255.2142333984375
2019-12-27,255.45494079589844
2019-12-30,253.84913635253906
2019-12-31,254.3575897216797
2020-01-02,257.498046875
2020-01-03,255.4460906982422
2020-01-06,256.0350036621094
2020-01-07,254.9285888671875
2020-01-08,256.40960693359375
2020-01-09,258.3365478515625
2020-01-10,257.1590881347656
2020-01-13,257.85479736328125
2020-01-14,258.0333251953125
2020-01-15,259.0415344238281
2020-01-16,261.3432312011719
2020-01-17,261.7699279785156
2020-01-21,260.48455810546875
2020-01-22,260.4667663574219
2020-01-23,260.2257995605469
2020-01-24,258.67266845703125
2020-01-27,254.70960998535156
2020-01-28,256.4322204589844
2020-01-29,256.4322204589844
2020-01-30,257.5479736328125
2020-01-31,252.08538818359375
2020-02-03,253.47772216796875
2020-02-04,257.1017150878906
2020-02-05,261.4041442871094
2020-02-06,262.1894226074219
2020-02-07,259.91339111328125
2020-02-10,261.484375
2020-02-11,261.4755859375
2020-02-12,263.9568786621094
2020-02-13,263.1534423828125
2020-02-14,262.9035339355469
2020-02-18,261.484375
2020-02-19,262.5109558105469
2020-02-20,261.3327941894531
2020-02-21,259.3312683105469
2020-02-24,250.2197723388672
2020-02-25,242.28964233398438
2020-02-26,241.4303436279297
2020-02-27,230.47488403320312
2020-02-28,227.84347534179688
2020-03-02,239.0048065185547
2020-03-03,232.0859375
2020-03-04,242.4596405029297
2020-03-05,234.0193328857422
2020-03-06,231.68324279785156
2020-03-09,213.6658935546875
2020-03-10,224.18275451660156
2020-03-11,211.0881805419922
2020-03-12,189.8486785888672
2020-03-13,207.74966430664062
2020-03-16,181.23829650878906
2020-03-17,191.0659637451172
2020-03-18,178.46368408203125
2020-03-19,180.1821746826172
2020-03-20,172.27487182617188
2020-03-23,167.0950164794922
2020-03-24,185.50747680664062
2020-03-25,190.3732452392578
2020-03-26,202.05276489257812
2020-03-27,194.22454833984375
2020-03-30,200.28419494628906
2020-03-31,196.8099822998047
2020-04-01,187.96737670898438
2020-04-02,192.07891845703125
2020-04-03,189.0625
2020-04-06,203.3634033203125
2020-04-07,203.42630004882812
2020-04-08,210.3657684326172
2020-04-09,212.88829040527344
2020-04-13,210.0335693359375
2020-04-14,215.1686248779297
2020-04-15,211.0390167236328
2020-04-16,211.27244567871094
2020-04-17,217.7576446533203
2020-04-20,212.55703735351562
2020-04-21,206.790283203125
2020-04-22,210.87716674804688
2020-04-23,211.14662170410156
2020-04-24,213.62583923339844
2020-04-27,216.76072692871094
2020-04-28,216.55406188964844
2020-04-29,221.36849975585938
2020-04-30,218.46722412109375
2020-05-01,213.1317901611328
2020-05-04,213.2574920654297
2020-05-05,214.49717712402344
2020-05-06,212.7545623779297
2020-05-07,214.5959014892578
2020-05-08,218.82659912109375
2020-05-11,217.8743896484375
2020-05-12,213.85035705566406
2020-05-13,209.125732421875
2020-05-14,212.65567016601562
2020-05-15,213.2155303955078
2020-05-18,221.3333740234375
2020-05-19,217.99447631835938
2020-05-20,221.15338134765625
2020-05-21,220.51438903808594
2020-05-22,220.38845825195312
2020-05-26,225.2213134765625
2020-05-27,230.18919372558594
2020-05-28,228.91131591796875
2020-05-29,228.8572540283203
2020-06-01,229.73919677734375
2020-06-02,232.06118774414062
2020-06-03,236.84915161132812
2020-06-04,236.99310302734375
2020-06-05,244.38217163085938
2020-06-08,248.64797973632812
2020-06-09,246.0379638671875
2020-06-10,243.4099578857422
2020-06-11,226.82330322265625
2020-06-12,231.06222534179688
2020-06-15,232.51116943359375
2020-06-16,237.4341583251953
2020-06-17,235.6341094970703
2020-06-18,235.3011474609375
2020-06-19,233.58895874023438
2020-06-22,234.96095275878906
2020-06-23,236.0259552001953
2020-06-24,229.8251953125
2020-06-25,232.36146545410156
2020-06-26,225.98924255371094
2020-06-29,230.98046875
2020-06-30,232.74952697753906
2020-07-01,232.24412536621094
2020-07-02,233.2460174560547
2020-07-06,237.37982177734375
2020-07-07,233.80560302734375
2020-07-08,235.3218536376953
2020-07-09,232.18087768554688
2020-07-10,235.41212463378906
2020-07-13,235.61077880859375
2020-07-14,240.62008666992188
2020-07-15,242.71412658691406
2020-07-16,241.41439819335938
2020-07-17,240.9455108642578
2020-07-20,241.01788330078125
2020-07-21,242.39093017578125
2020-07-22,243.87234497070312
2020-07-23,240.90045166015625
2020-07-24,239.09381103515625
2020-07-27,240.23208618164062
2020-07-28,238.40728759765625
2020-07-29,239.8253936767578
2020-07-30,237.82015991210938
2020-07-31,238.7866668701172
2020-08-03,240.92752075195312
2020-08-04,242.4539031982422
2020-08-05,245.6968536376953
2020-08-06,247.4132080078125
2020-08-07,248.06349182128906
2020-08-10,251.24313354492188
2020-08-11,250.38499450683594
2020-08-12,252.95933532714844
2020-08-13,252.39932250976562
2020-08-14,252.74261474609375
2020-08-17,251.97470092773438
2020-08-18,251.29730224609375
2020-08-19,250.60177612304688
2020-08-20,250.999267578125
2020-08-21,252.8313446044922
2020-08-24,256.3529052734375
2020-08-25,255.8460235595703
2020-08-26,256.5792541503906
2020-08-27,258.0367736816406
2020-08-28,259.5395812988281
2020-08-31,257.348876953125
2020-09-01,259.6209716796875
2020-09-02,263.62225341796875
2020-09-03,256.4979248046875
2020-09-04,255.076416015625
2020-09-08,249.3280792236328
2020-09-09,253.33848571777344
2020-09-10,249.66297912597656
2020-09-11,250.84005737304688
2020-09-14,253.95401000976562
2020-09-15,253.9991912841797
2020-09-16,254.40664672851562
2020-09-17,253.0849151611328
2020-09-18,250.92257690429688
2020-09-21,246.31275939941406
2020-09-22,247.5559539794922
2020-09-23,242.8100128173828
2020-09-24,243.281982421875
2020-09-25,246.54872131347656
2020-09-28,250.3599395751953
2020-09-29,249.01695251464844
2020-09-30,251.8118896484375
2020-10-01,252.39260864257812
2020-10-02,251.17665100097656
2020-10-05,255.45069885253906
2020-10-06,252.0113983154297
2020-10-07,256.7301025390625
2020-10-08,257.97314453125
2020-10-09,259.4614562988281
2020-10-12,261.75726318359375
2020-10-13,260.1963806152344
2020-10-14,258.73553466796875
2020-10-15,258.6539306640625
2020-10-16,259.6043395996094
2020-10-19,256.027587890625
2020-10-20,256.8626403808594
2020-10-21,255.9731903076172
2020-10-22,257.49822998046875
2020-10-23,257.21685791015625
2020-10-26,251.46145629882812
2020-10-27,249.33712768554688
2020-10-28,241.0034942626953
2020-10-29,242.0111083984375
2020-10-30,240.62216186523438
2020-11-02,244.3804931640625
2020-11-03,249.3279571533203
2020-11-04,252.83221435546875
2020-11-05,257.7342224121094
2020-11-06,257.1077880859375
2020-11-09,264.8242492675781
2020-11-10,267.35711669921875
2020-11-11,266.9938049316406
2020-11-12,264.2159729003906
2020-11-13,267.93780517578125
2020-11-16,272.32269287109375
2020-11-17,270.8067626953125
2020-11-18,267.5837707519531
2020-11-19,268.1013488769531
2020-11-20,266.14697265625
2020-11-23,269.2040100097656
2020-11-24,273.3346252441406
2020-11-25,271.7969665527344
2020-11-27,272.25189208984375
2020-11-30,269.8681945800781
2020-12-01,271.524169921875
2020-12-02,272.1972961425781
2020-12-03,272.99798583984375
2020-12-04,275.2996826171875
2020-12-07,273.9441833496094
2020-12-08,274.94500732421875
2020-12-09,273.7440185546875
2020-12-10,273.4347229003906
2020-12-11,273.7895812988281
2020-12-14,272.1245422363281
2020-12-15,275.3271179199219
2020-12-16,274.8995056152344
2020-12-17,276.1187438964844
2020-12-18,275.20513916015625
2020-12-21,275.4239807128906
2020-12-22,273.537109375
2020-12-23,274.6401062011719
2020-12-24,275.3145751953125
2020-12-28,277.1195373535156
2020-12-29,276.6272277832031
2020-12-30,277.238037109375
2020-12-31,278.7513732910156
2021-01-04,275.5881652832031
2021-01-05,276.9736633300781
2021-01-06,280.95733642578125
2021-01-07,283.0447692871094
2021-01-08,283.53717041015625
2021-01-11,282.743896484375
2021-01-12,283.2636413574219
2021-01-13,283.1632995605469
2021-01-14,282.6346130371094
2021-01-15,280.99139404296875
2021-01-19,282.0855712890625
2021-01-20,284.31988525390625
2021-01-21,284.4111633300781
2021-01-22,282.6784362792969
2021-01-25,282.3865051269531
2021-01-26,282.1493835449219
2021-01-27,276.5591735839844
2021-01-28,279.1216735839844
2021-01-29,273.4129638671875
2021-02-01,275.4281921386719
2021-02-02,279.80572509765625
2021-02-03,280.20697021484375
2021-02-04,283.3167419433594
2021-02-05,284.11029052734375
2021-02-08,286.2532043457031
2021-02-09,286.2805480957031
2021-02-10,286.8095703125
2021-02-11,286.97357177734375
2021-02-12,287.30206298828125
2021-02-16,287.7945251464844
2021-02-17,288.724609375
2021-02-18,287.77618408203125
2021-02-19,287.74053955078125
2021-02-22,288.005615234375
2021-02-23,288.1700134277344
2021-02-24,291.95269775390625
2021-02-25,286.88177490234375
2021-02-26,282.74267578125
2021-03-01,288.3526306152344
2021-03-02,287.07342529296875
2021-03-03,285.9770812988281
2021-03-04,282.86138916015625
2021-03-05,288.0329284667969
2021-03-08,290.7831115722656
2021-03-09,291.11212158203125
2021-03-10,295.4247741699219
2021-03-11,297.2521667480469
2021-03-12,299.9748840332031
2021-03-15,301.6012878417969
2021-03-16,300.4774475097656
2021-03-17,302.22259521484375
2021-03-18,300.9342956542969
2021-03-19,298.4815368652344
2021-03-22,299.6076354980469
2021-03-23,296.6961364746094
2021-03-24,296.7144775390625
2021-03-25,298.6462097167969
2021-03-26,302.693115234375
2021-03-29,303.6544494628906
2021-03-30,302.8853759765625
2021-03-31,302.2994384765625
2021-04-01,303.4621887207031
2021-04-05,306.8956298828125
2021-04-06,306.1357116699219
2021-04-07,306.1357116699219
2021-04-08,306.83135986328125
2021-04-09,309.33087158203125
2021-04-12,309.04705810546875
2021-04-13,308.3511962890625
2021-04-14,309.02880859375
2021-04-15,311.6930847167969
2021-04-16,313.09619140625
2021-04-19,312.0794677734375
2021-04-20,309.67071533203125
2021-04-21,312.58319091796875
2021-04-22,309.67071533203125
2021-04-23,311.7864685058594
2021-04-26,311.2735900878906
2021-04-27,311.2369384765625
2021-04-28,309.8998107910156
2021-04-29,311.9146423339844
2021-04-30,310.421875
2021-05-03,312.4093017578125
2021-05-04,312.75732421875
2021-05-05,313.4808044433594
2021-05-06,316.43902587890625
2021-05-07,318.6096496582031
2021-05-10,318.4813232421875
2021-05-11,314.0577697753906
2021-05-12,307.7291564941406
2021-05-13,311.80474853515625
2021-05-14,315.29425048828125
2021-05-17,314.735595703125
2021-05-18,312.4093017578125
2021-05-19,310.87957763671875
2021-05-20,312.7846984863281
2021-05-21,313.9071960449219
2021-05-24,315.6690673828125
2021-05-25,314.9532775878906
2021-05-26,315.0360107421875
2021-05-27,316.256591796875
2021-05-28,317.2109680175781
2021-06-01,317.4220886230469
2021-06-02,317.87188720703125
2021-06-03,317.55975341796875
2021-06-04,319.2851257324219
2021-06-07,318.08282470703125
2021-06-08,317.8534240722656
2021-06-09,316.4310302734375
2021-06-10,316.6053161621094
2021-06-11,316.7337341308594
2021-06-14,315.98126220703125
2021-06-15,315.1644287109375
2021-06-16,312.7325134277344
2021-06-17,310.7959899902344
2021-06-18,306.01947021484375
2021-06-21,311.3684997558594
2021-06-22,311.9844055175781
2021-06-23,311.3684997558594
2021-06-24,314.3096618652344
2021-06-25,316.579833984375
2021-06-28,315.0633239746094
2021-06-29,315.118408203125
2021-06-30,317.03936767578125
2021-07-01,318.3351745605469
2021-07-02,319.7874450683594
2021-07-06,317.8389587402344
2021-07-07,318.8499755859375
2021-07-08,316.5154724121094
2021-07-09,320.5135498046875
2021-07-12,321.7083740234375
2021-07-13,320.7615661621094
2021-07-14,321.1384582519531
2021-07-15,321.62548828125
2021-07-16,318.8730773925781
2021-07-19,312.5646057128906
2021-07-20,317.3465576171875
2021-07-21,320.0226745605469
2021-07-22,320.2709655761719
2021-07-23,322.3954162597656
2021-07-26,323.16778564453125
2021-07-27,322.4411926269531
2021-07-28,321.28253173828125
2021-07-29,322.6252746582031
2021-07-30,321.3929443359375
2021-08-02,320.3536682128906
2021-08-03,322.8735656738281
2021-08-04,320.0226745605469
2021-08-05,322.43206787109375
2021-08-06,323.7931823730469
2021-08-09,322.9287109375
2021-08-10,324.38177490234375
2021-08-11,326.4140930175781
2021-08-12,326.68072509765625
2021-08-13,326.8279724121094
2021-08-16,327.91314697265625
2021-08-17,325.3934326171875
2021-08-18,321.9814758300781
2021-08-19,321.3929443359375
2021-08-20,323.50347900390625
2021-08-23,325.6130676269531
2021-08-24,325.88031005859375
2021-08-25,326.2856750488281
2021-08-26,324.4246520996094
2021-08-27,326.64495849609375
2021-08-30,326.1935729980469
2021-08-31,326.0461120605469
2021-09-01,325.7052001953125
2021-09-02,326.9212646484375
2021-09-03,326.24871826171875
2021-09-07,323.7614440917969
2021-09-08,323.10736083984375
2021-09-09,321.7991638183594
2021-09-10,319.3947448730469
2021-09-13,321.78997802734375
2021-09-14,319.182861328125
2021-09-15,321.34771728515625
2021-09-16,320.7581787109375
2021-09-17,319.0927429199219
2021-09-20,313.3319396972656
2021-09-21,313.0643005371094
2021-09-22,316.1939392089844
2021-09-23,320.86529541015625
2021-09-24,321.1514892578125
2021-09-27,321.8346252441406
2021-09-28,316.58160400390625
2021-09-29,317.3663635253906
2021-09-30,312.3072204589844
2021-10-01,316.82171630859375
2021-10-04,313.89520263671875
2021-10-05,316.775390625
2021-10-06,317.68963623046875
2021-10-07,320.92974853515625
2021-10-08,320.8374938964844
2021-10-11,318.4833984375
2021-10-12,317.3756103515625
2021-10-13,317.4770812988281
2021-10-14,322.31475830078125
2021-10-15,325.8582458496094
2021-10-18,325.5348205566406
2021-10-19,327.344970703125
2021-10-20,328.7948913574219
2021-10-21,328.73028564453125
2021-10-22,329.4505615234375
2021-10-25,330.1985778808594
2021-10-26,330.1524353027344
2021-10-27,327.8252868652344
2021-10-28,329.96771240234375
2021-10-29,330.8266296386719
2021-11-01,331.6578063964844
2021-11-02,332.9877014160156
2021-11-03,333.90191650390625
2021-11-04,333.70794677734375
2021-11-05,335.5088806152344
2021-11-08,336.4507141113281
2021-11-09,335.49029541015625
2021-11-10,333.449462890625
2021-11-11,331.96258544921875
2021-11-12,333.643310546875
2021-11-15,333.6063537597656
2021-11-16,334.2436218261719
2021-11-17,332.32275390625
2021-11-18,331.8609313964844
2021-11-19,329.3265075683594
2021-11-22,329.5948181152344
2021-11-23,331.2789001464844
2021-11-24,331.2881164550781
2021-11-26,322.951171875
2021-11-29,324.958984375
2021-11-30,319.13897705078125
2021-12-01,315.0304870605469
2021-12-02,320.72119140625
2021-12-03,320.3787841796875
2021-12-06,326.46728515625
2021-12-07,331.0199279785156
2021-12-08,331.25115966796875
2021-12-09,331.3623046875
2021-12-10,333.3238830566406
2021-12-13,330.3721618652344
2021-12-14,329.567138671875
2021-12-15,332.935302734375
2021-12-16,332.5929260253906
2021-12-17,327.8206787109375
2021-12-20,323.7789306640625
2021-12-21,329.0072021484375
2021-12-22,331.30615234375
2021-12-23,333.1324157714844
2021-12-27,336.4325866699219
2021-12-28,337.4244384765625
2021-12-29,338.2123718261719
2021-12-30,337.4986572265625
2021-12-31,336.80340576171875
2022-01-03,338.9911193847656
2022-01-04,341.021240234375
2022-01-05,337.5172119140625
2022-01-06,335.9411926269531
2022-01-07,335.8669738769531
2022-01-10,334.4581604003906
2022-01-11,336.0804748535156
2022-01-12,336.4603271484375
2022-01-13,334.8381652832031
2022-01-14,332.9284362792969
2022-01-18,328.0245361328125
2022-01-19,324.780029296875
2022-01-20,321.98046875
2022-01-21,317.5997009277344
2022-01-24,318.9541320800781
2022-01-25,318.1656494140625
2022-01-26,316.7740478515625
2022-01-27,316.857666015625
2022-01-28,322.01568603515625
2022-01-31,325.69854736328125
2022-02-01,328.351806640625
2022-02-02,330.2908020019531
2022-02-03,325.6058044433594
2022-02-04,325.5038146972656
2022-02-07,325.5316162109375
2022-02-08,328.9085998535156
2022-02-09,331.8121643066406
2022-02-10,327.0622863769531
2022-02-11,322.18267822265625
2022-02-14,320.8838195800781
2022-02-15,324.9008483886719
2022-02-16,324.3904724121094
2022-02-17,318.8336181640625
2022-02-18,316.8072509765625
2022-02-22,312.1896667480469
2022-02-23,308.0178527832031
2022-02-24,308.7796325683594
2022-02-25,316.3984680175781
2022-02-28,315.2834167480469
2022-03-01,309.5416259765625
2022-03-02,314.96759033203125
2022-03-03,314.1592102050781
2022-03-04,312.6169128417969
2022-03-07,305.1841125488281
2022-03-08,303.3816223144531
2022-03-09,309.7646179199219
2022-03-10,308.56610107421875
2022-03-11,306.6242370605469
2022-03-14,306.6705322265625
2022-03-15,312.3567810058594
2022-03-16,317.1603088378906
2022-03-17,320.96038818359375
2022-03-18,323.2994689941406
2022-03-21,321.6698303222656
2022-03-22,324.1841735839844
2022-03-23,319.7795104980469
2022-03-24,323.1783752441406
2022-03-25,324.5565185546875
2022-03-28,325.4411315917969
2022-03-29,328.6816711425781
2022-03-30,327.8902282714844
2022-03-31,322.9643249511719
2022-04-01,324.06298828125
2022-04-04,325.20843505859375
2022-04-05,322.5080261230469
2022-04-06,321.0273742675781
2022-04-07,322.1634521484375
2022-04-08,323.46697998046875
2022-04-11,319.583984375
2022-04-12,318.67138671875
2022-04-13,321.9678955078125
2022-04-14,320.7159423828125
2022-04-18,320.5390319824219
2022-04-19,325.2151794433594
2022-04-20,327.4601135253906
2022-04-21,323.90179443359375
2022-04-22,315.1080322265625
2022-04-25,317.24127197265625
2022-04-26,309.6864929199219
2022-04-27,310.2269592285156
2022-04-28,316.05828857421875
2022-04-29,307.1155700683594
2022-05-02,308.09375
2022-05-03,308.56884765625
2022-05-04,317.26922607421875
2022-05-05,307.6278991699219
2022-05-06,306.5381164550781
2022-05-09,300.5111389160156
2022-05-10,299.7938232421875
2022-05-11,296.6544494628906
2022-05-12,295.890869140625
2022-05-13,300.1663513183594
2022-05-16,300.6788635253906
2022-05-17,304.7029724121094
2022-05-18,293.94390869140625
2022-05-19,291.7359924316406
2022-05-20,291.7220764160156
2022-05-23,297.7167053222656
2022-05-24,298.23028564453125
2022-05-25,299.99505615234375
2022-05-26,304.8226013183594
2022-05-27,310.07025146484375
2022-05-31,308.3241882324219
2022-06-01,306.60595703125
2022-06-02,310.72393798828125
2022-06-03,307.5304870605469
2022-06-06,307.62371826171875
2022-06-07,310.1634521484375
2022-06-08,307.5583801269531
2022-06-09,301.6012268066406
2022-06-10,293.5428161621094
2022-06-13,285.3351745605469
2022-06-14,284.1399230957031
2022-06-15,286.8759765625
2022-06-16,280.0315246582031
2022-06-17,279.5748596191406
2022-06-21,285.72369384765625
2022-06-22,285.0871887207031
2022-06-23,287.0807800292969
2022-06-24,294.8301086425781
2022-06-27,294.21240234375
2022-06-28,289.51409912109375
2022-06-29,290.17864990234375
2022-06-30,288.0915832519531
2022-07-01,290.92730712890625
2022-07-05,289.8604736328125
2022-07-06,290.515625
2022-07-07,293.8287353515625
2022-07-08,293.3700256347656
2022-07-11,291.7228088378906
2022-07-12,290.10369873046875
2022-07-13,288.026123046875
2022-07-14,286.7626647949219
2022-07-15,292.7436828613281
2022-07-18,290.8616638183594
2022-07-19,297.8465270996094
2022-07-20,298.4364013671875
2022-07-21,299.9999694824219
2022-07-22,298.7358703613281
2022-07-25,299.57867431640625
2022-07-26,297.312744140625
2022-07-27,301.498046875
2022-07-28,304.5128173828125
2022-07-29,307.7244567871094
2022-08-01,307.14404296875
2022-08-02,303.39874267578125
2022-08-03,307.2562561035156
2022-08-04,306.5072021484375
2022-08-05,307.0783996582031
2022-08-08,307.4996643066406
2022-08-09,307.02227783203125
2022-08-10,311.9752502441406
2022-08-11,312.4527587890625
2022-08-12,316.310302734375
2022-08-15,317.752197265625
2022-08-16,319.9712829589844
2022-08-17,318.5294494628906
2022-08-18,318.8850402832031
2022-08-19,316.1797790527344
2022-08-22,310.2882995605469
2022-08-23,308.7403869628906
2022-08-24,309.4439697265625
2022-08-25,312.5304260253906
2022-08-26,302.9429931640625
2022-08-29,301.2262878417969
2022-08-30,298.35565185546875
2022-08-31,296.1135559082031
2022-09-01,297.436279296875
2022-09-02,294.3405456542969
2022-09-06,292.877197265625
2022-09-07,296.75140380859375
2022-09-08,298.54315185546875
2022-09-09,302.3331604003906
2022-09-12,304.4814453125
2022-09-13,292.43621826171875
2022-09-14,292.7457275390625
2022-09-15,291.1509094238281
2022-09-16,289.75225830078125
2022-09-19,291.7275390625
2022-09-20,288.7834167480469
2022-09-21,283.8829650878906
2022-09-22,282.6695861816406
2022-09-23,278.2864685058594
2022-09-26,275.3327941894531
2022-09-27,273.9971618652344
2022-09-28,279.10467529296875
2022-09-29,274.8531799316406
2022-09-30,270.23480224609375
2022-10-03,277.2799072265625
2022-10-04,285.13397216796875
2022-10-05,284.8048400878906
2022-10-06,281.4561767578125
2022-10-07,275.5679626464844
2022-10-10,274.617919921875
2022-10-11,274.92828369140625
2022-10-12,274.80615234375
2022-10-13,282.7070617675781
2022-10-14,279.1893615722656
2022-10-17,284.11810302734375
2022-10-18,287.3255310058594
2022-10-19,286.2720642089844
2022-10-20,285.2939147949219
2022-10-21,292.58978271484375
2022-10-24,296.514404296875
2022-10-25,299.751953125
2022-10-26,299.64849853515625
2022-10-27,301.6061096191406
2022-10-28,309.2484130859375
2022-10-31,308.15667724609375
2022-11-01,307.2060546875
2022-11-02,302.4532165527344
2022-11-03,301.0508117675781
2022-11-04,305.06964111328125
2022-11-07,309.0977478027344
2022-11-08,312.19415283203125
2022-11-09,306.198974609375
2022-11-10,317.417724609375
2022-11-11,317.91650390625
2022-11-14,316.0154113769531
2022-11-15,316.429443359375
2022-11-16,316.2977600097656
2022-11-17,316.3259582519531
2022-11-18,318.16595458984375
2022-11-21,317.8641357421875
2022-11-22,321.55157470703125
2022-11-23,322.485107421875
2022-11-25,323.96575927734375
2022-11-28,319.22216796875
2022-11-29,319.2127380371094
2022-11-30,326.44610595703125
2022-12-01,324.80517578125
2022-12-02,325.11639404296875
2022-12-05,320.6744079589844
2022-12-06,317.3077392578125
2022-12-07,317.28875732421875
2022-12-08,319.1938171386719
2022-12-09,316.27972412109375
2022-12-12,321.23089599609375
2022-12-13,322.3531799316406
2022-12-14,320.8536682128906
2022-12-15,313.85614013671875
2022-12-16,310.9448547363281
2022-12-19,309.44195556640625
2022-12-20,310.3871154785156
2022-12-21,315.3212585449219
2022-12-22,312.1640930175781
2022-12-23,313.7425842285156
2022-12-27,314.15838623046875
2022-12-28,310.5668029785156
2022-12-29,313.8654479980469
2022-12-30,313.17547607421875
2023-01-03,313.071533203125
2023-01-04,314.33807373046875
2023-01-05,311.1811218261719
2023-01-06,317.85430908203125
2023-01-09,316.91851806640625
2023-01-10,318.7521667480469
2023-01-11,321.1436767578125
2023-01-12,323.2607727050781
2023-01-13,324.24395751953125
2023-01-17,320.5765075683594
2023-01-18,314.7255859375
2023-01-19,312.5138244628906
2023-01-20,315.654541015625
2023-01-23,318.0196533203125
2023-01-24,318.8994140625
2023-01-25,319.10760498046875
2023-01-26,321.0373229980469
2023-01-27,321.2738342285156
2023-01-30,318.861572265625
2023-01-31,322.42791748046875
2023-02-01,322.46588134765625
2023-02-02,322.0497131347656
2023-02-03,320.67791748046875
2023-02-06,320.2048645019531
2023-02-07,323.080810546875
2023-02-08,321.0940856933594
2023-02-09,318.8804626464844
2023-02-10,320.4413757324219
2023-02-13,324.05517578125
2023-02-14,322.7213439941406
2023-02-15,323.2131652832031
2023-02-16,319.1737365722656
2023-02-17,320.549560546875
2023-02-21,313.8788146972656
2023-02-22,313.18701171875
2023-02-23,314.2767333984375
2023-02-24,310.91290283203125
2023-02-27,311.8035888671875
2023-02-28,309.44415283203125
2023-03-01,309.85174560546875
2023-03-02,313.1112365722656
2023-03-03,316.68359375
2023-03-06,317.1288757324219
2023-03-07,311.6236267089844
2023-03-08,311.26348876953125
2023-03-09,306.1372375488281
2023-03-10,302.962890625
2023-03-13,302.1006774902344
2023-03-14,305.2938537597656
2023-03-15,302.78289794921875
2023-03-16,306.2982482910156
2023-03-17,302.6005859375
2023-03-20,306.2108459472656
2023-03-21,309.3652038574219
2023-03-22,304.19671630859375
2023-03-23,304.82373046875
2023-03-24,306.22991943359375
2023-03-27,308.1205749511719
2023-03-28,307.64556884765625
2023-03-29,310.7522277832031
2023-03-30,312.0823669433594
2023-03-31,316.0157470703125
2023-04-03,319.14154052734375
2023-04-04,317.2698059082031
2023-04-05,318.1059265136719
2023-04-06,318.1820068359375
2023-04-10,319.1890563964844
2023-04-11,320.08209228515625
2023-04-12,319.8066101074219
2023-04-13,323.37884521484375
2023-04-14,321.9252014160156
2023-04-17,322.9512634277344
2023-04-18,322.8374328613281
2023-04-19,322.0677185058594
2023-04-20,321.0797119140625
2023-04-21,321.4067077636719
2023-04-24,322.01513671875
2023-04-25,318.763916015625
2023-04-26,316.5016174316406
2023-04-27,321.4922790527344
2023-04-28,324.1824645996094
2023-05-01,323.54547119140625
2023-05-02,320.22796630859375
2023-05-03,317.60430908203125
2023-05-04,314.9616394042969
2023-05-05,320.0949401855469
2023-05-08,319.6100769042969
2023-05-09,319.1822509765625
2023-05-10,318.9161682128906
2023-05-11,316.86279296875
2023-05-12,316.7392883300781
2023-05-15,317.28106689453125
2023-05-16,314.0299987792969
2023-05-17,318.0794982910156
2023-05-18,319.4579772949219
2023-05-19,318.3680419921875
2023-05-22,317.1391906738281
2023-05-23,314.9576110839844
2023-05-24,312.4808044433594
2023-05-25,312.2330322265625
2023-05-26,315.1766662597656
2023-05-30,314.871826171875
2023-05-31,313.919189453125
2023-06-01,315.27197265625
2023-06-02,322.0644226074219
2023-06-05,320.21624755859375
2023-06-06,320.25445556640625
2023-06-07,321.2070007324219
2023-06-08,322.76947021484375
2023-06-09,323.2076110839844
2023-06-12,325.01763916015625
2023-06-13,326.3990478515625
2023-06-14,324.30322265625
2023-06-15,328.447265625
2023-06-16,327.45037841796875
2023-06-20,325.0728759765625
2023-06-21,324.0894775390625
2023-06-22,324.0035095214844
2023-06-23,321.9221496582031
2023-06-26,321.90301513671875
2023-06-27,323.8985595703125
2023-06-28,323.3256530761719
2023-06-29,325.7413024902344
2023-06-30,328.309814453125
2023-07-03,328.5198059082031
2023-07-05,327.31683349609375
2023-07-06,323.8985595703125
2023-07-07,322.1798400878906
2023-07-10,324.2327575683594
2023-07-11,327.1544494628906
2023-07-12,328.0996398925781
2023-07-13,328.3765869140625
2023-07-14,329.5700988769531
2023-07-17,330.21929931640625
2023-07-18,333.78082275390625
2023-07-19,334.84063720703125
2023-07-20,336.5019836425781
2023-07-21,336.4809265136719
2023-07-24,338.3251647949219
2023-07-25,338.56396484375
2023-07-26,339.4526672363281
2023-07-27,337.0828857421875
2023-07-28,338.71697998046875
2023-07-31,339.7584228515625
2023-08-01,340.3603820800781
2023-08-02,337.05419921875
2023-08-03,336.33758544921875
2023-08-04,335.0571594238281
2023-08-07,338.85064697265625
2023-08-08,337.32171630859375
2023-08-09,335.65911865234375
2023-08-10,336.2420959472656
2023-08-11,337.30267333984375
2023-08-14,337.5032958984375
2023-08-15,334.0633850097656
2023-08-16,332.30523681640625
2023-08-17,329.7157897949219
2023-08-18,330.2613220214844
2023-08-21,329.8305969238281
2023-08-22,328.19427490234375
2023-08-23,329.9837646484375
2023-08-24,326.3473815917969
2023-08-25,328.7109680175781
2023-08-28,330.8258361816406
2023-08-29,333.6105651855469
2023-08-30,334.3569030761719
2023-08-31,332.83544921875
2023-09-01,333.9550476074219
2023-09-05,332.04119873046875
2023-09-06,330.14642333984375
2023-09-07,330.8067321777344
2023-09-08,331.5914001464844
2023-09-11,332.4143371582031
2023-09-12,332.26123046875
2023-09-13,331.62969970703125
2023-09-14,334.8736572265625
2023-09-15,332.1133117675781
2023-09-18,332.1229248046875
2023-09-19,331.0866394042969
2023-09-20,330.3670959472656
2023-09-21,326.7786865234375
2023-09-22,325.8191223144531
2023-09-25,326.2029113769531
2023-09-26,322.422607421875
2023-09-27,321.83734130859375
2023-09-28,322.97900390625
2023-09-29,321.37677001953125
2023-10-02,320.5516052246094
2023-10-03,316.6080322265625
2023-10-04,317.5772705078125
2023-10-05,317.74993896484375
2023-10-06,320.56121826171875
2023-10-09,322.4704895019531
2023-10-10,323.7754821777344
2023-10-11,324.3319396972656
2023-10-12,322.64324951171875
2023-10-13,323.0366516113281
2023-10-16,326.11669921875
2023-10-17,326.2124938964844
2023-10-18,322.98870849609375
2023-10-19,320.5803527832031
2023-10-20,317.9471130371094
2023-10-23,316.15191650390625
2023-10-24,318.1870422363281
2023-10-25,317.1407470703125
2023-10-26,314.7117919921875
2023-10-27,311.2270812988281
2023-10-30,316.0655212402344
2023-10-31,317.26556396484375
2023-11-01,319.3775939941406
2023-11-02,324.8592529296875
2023-11-03,326.9903869628906
2023-11-06,327.40325927734375
2023-11-07,327.8831787109375
2023-11-08,327.4799499511719
2023-11-09,325.5503845214844
2023-11-10,329.2944030761719
2023-11-13,329.8321228027344
2023-11-14,334.4881896972656
2023-11-15,336.26416015625
2023-11-16,336.0240783691406
2023-11-17,336.1366882324219
2023-11-20,338.147216796875
2023-11-21,337.47381591796875
2023-11-22,339.14764404296875
2023-11-24,340.34051513671875
2023-11-27,339.87872314453125
2023-11-28,340.638671875
2023-11-29,341.1581115722656
2023-11-30,346.3046569824219
2023-12-01,349.23858642578125
2023-12-04,348.84417724609375
2023-12-05,348.1418151855469
2023-12-06,347.4781799316406
2023-12-07,348.0649719238281
2023-12-08,349.305908203125
2023-12-11,350.816162109375
2023-12-12,352.4707336425781
2023-12-13,357.59796142578125
2023-12-14,359.1274108886719
2023-12-15,359.2557067871094
2023-12-18,359.5931701660156
2023-12-19,362.022705078125
2023-12-20,357.4913330078125
2023-12-21,360.4607849121094
2023-12-22,360.3836975097656
2023-12-26,361.8780517578125
2023-12-27,363.0447082519531
2023-12-28,363.4978332519531
2023-12-29,363.3435363769531
2024-01-02,363.5555725097656
2024-01-03,360.7790222167969
2024-01-04,361.09716796875
2024-01-05,361.1935729980469
2024-01-08,363.3145446777344
2024-01-09,361.714111328125
2024-01-10,363.4206237792969
2024-01-11,363.6327819824219
2024-01-12,362.41796875
2024-01-16,360.2487487792969
2024-01-17,359.3424377441406
2024-01-18,361.35748291015625
2024-01-19,365.2189025878906
2024-01-22,366.6369934082031
2024-01-23,365.6433410644531
2024-01-24,364.7269592285156
2024-01-25,367.0324401855469
2024-01-26,367.6210021972656
2024-01-29,369.7624816894531
2024-01-30,370.90069580078125
2024-01-31,367.8910217285156
2024-02-01,371.4891662597656
2024-02-02,372.7625427246094
2024-02-05,370.02294921875
2024-02-06,371.469970703125
2024-02-07,373.00372314453125
2024-02-08,373.65972900390625
2024-02-09,373.052001953125
2024-02-12,374.3928527832031
2024-02-13,369.2897644042969
2024-02-14,370.7078857421875
2024-02-15,374.52783203125
2024-02-16,373.12884521484375
2024-02-20,372.64581298828125
2024-02-21,372.9936218261719
2024-02-22,377.3318176269531
2024-02-23,378.0467529296875
2024-02-26,377.49603271484375
2024-02-27,376.4815368652344
2024-02-28,376.4234924316406
2024-02-29,376.7616882324219
2024-03-01,378.07568359375
2024-03-04,377.03228759765625
2024-03-05,373.12884521484375
2024-03-06,374.0853576660156
2024-03-07,375.31243896484375
2024-03-08,374.8679504394531
2024-03-11,375.2834777832031
2024-03-12,377.5733947753906
2024-03-13,377.9888000488281
2024-03-14,376.87762451171875
2024-03-15,374.8080139160156
2024-03-18,375.51495361328125
2024-03-19,378.58514404296875
2024-03-20,382.5461730957031
2024-03-21,385.2193298339844
2024-03-22,382.1007080078125
2024-03-25,380.5705871582031
2024-03-26,380.4737243652344
2024-03-27,385.03533935546875
2024-03-28,385.22894287109375
2024-04-01,382.87548828125
2024-04-02,379.2921447753906
2024-04-03,378.933837890625
2024-04-04,373.8587951660156
2024-04-05,376.609375
2024-04-08,376.8418273925781
2024-04-09,376.59002685546875
2024-04-10,372.3964538574219
2024-04-11,372.42547607421875
2024-04-12,367.9026184082031
2024-04-15,365.4232177734375
2024-04-16,366.0721130371094
2024-04-17,365.5588073730469
2024-04-18,365.9365234375
2024-04-19,368.02764892578125
2024-04-22,370.51800537109375
2024-04-23,373.0858459472656
2024-04-24,372.5238037109375
2024-04-25,369.113037109375
2024-04-26,370.45989990234375
2024-04-29,371.90362548828125
2024-04-30,366.4094543457031
2024-05-01,367.1458740234375
2024-05-02,370.3823547363281
2024-05-03,374.78155517578125
2024-05-06,376.4095153808594
2024-05-07,376.6905822753906
2024-05-08,378.37664794921875
2024-05-09,381.78759765625
2024-05-10,382.9308776855469
2024-05-13,382.2332458496094
2024-05-14,383.3185729980469
2024-05-15,386.90374755859375
2024-05-16,386.8360595703125
2024-05-17,388.130615234375
2024-05-20,386.3353271484375
2024-05-21,386.99517822265625
2024-05-22,384.937744140625
2024-05-23,379.1151123046875
2024-05-24,379.0958251953125
2024-05-28,377.1159973144531
2024-05-29,373.21490478515625
2024-05-30,370.20648193359375
2024-05-31,376.0776672363281
2024-06-03,374.8257751464844
2024-06-04,376.0582275390625
2024-06-05,377.04803466796875
2024-06-06,377.8244934082031
2024-06-07,377.0092468261719
2024-06-10,377.78564453125
2024-06-11,376.5046691894531
2024-06-12,376.2329406738281
2024-06-13,375.4468994140625
2024-06-14,375.03924560546875
2024-06-17,377.0965881347656
2024-06-18,377.6400451660156
2024-06-20,380.4834289550781
2024-06-21,380.62353515625
2024-06-24,383.1912841796875
2024-06-25,380.312255859375
2024-06-26,380.5262756347656
2024-06-27,380.8374938964844
2024-06-28,380.4193420410156
2024-07-01,380.74017333984375
2024-07-02,382.5201721191406
2024-07-03,382.07275390625
2024-07-05,382.9189453125
2024-07-08,382.6854553222656
2024-07-09,382.1797180175781
2024-07-10,386.3814697265625
2024-07-11,386.7413024902344
2024-07-12,389.3576354980469
2024-07-15,391.3417053222656
2024-07-16,398.4418029785156
2024-07-17,400.6495666503906
2024-07-18,395.5823669433594
2024-07-19,392.1026306152344
2024-07-22,393.2703857421875
2024-07-23,392.6281433105469
2024-07-24,387.93780517578125
2024-07-25,388.7357482910156
2024-07-26,395.04132080078125
2024-07-29,394.5937194824219
2024-07-30,396.4425354003906
2024-07-31,397.4934997558594
2024-08-01,392.37518310546875
2024-08-02,386.43927001953125
2024-08-05,376.3970947265625
2024-08-06,379.4623107910156
2024-08-07,377.3313903808594
2024-08-08,383.8996276855469
2024-08-09,384.5126953125
2024-08-12,383.1697998046875
2024-08-13,387.0815124511719
2024-08-14,389.31964111328125
2024-08-15,394.9537353515625
2024-08-16,396.1097412109375
2024-08-19,398.41778564453125
2024-08-20,397.8822021484375
2024-08-21,398.3009338378906
2024-08-22,396.8304138183594
2024-08-23,401.066650390625
2024-08-26,401.9334411621094
2024-08-27,402.0989990234375
2024-08-28,400.58953857421875
2024-08-29,403.0924377441406
2024-08-30,405.33221435546875
2024-09-03,399.5280456542969
2024-09-04,399.6935729980469
2024-09-05,397.7848205566406
2024-09-06,393.8990478515625
2024-09-09,398.3593444824219
2024-09-10,397.5900573730469
2024-09-11,398.5735778808594
2024-09-12,401.203125
2024-09-13,404.0953674316406
2024-09-16,406.4716796875
2024-09-17,406.3548278808594
2024-09-18,405.31280517578125
2024-09-19,410.3963623046875
2024-09-20,410.79486083984375
2024-09-23,411.3223571777344
2024-09-24,412.318603515625
2024-09-25,409.3785705566406
2024-09-26,411.8204650878906
2024-09-27,413.11962890625
2024-09-30,413.2855529785156
2024-10-01,411.7032775878906
2024-10-02,412.10369873046875
2024-10-03,410.21856689453125
2024-10-04,413.5688171386719
2024-10-07,409.8572082519531
2024-10-08,411.0194396972656
2024-10-09,415.1706848144531
2024-10-10,414.78985595703125
2024-10-11,418.76519775390625
2024-10-14,420.87506103515625
2024-10-15,417.6028747558594
2024-10-16,420.7089538574219
2024-10-17,422.3987731933594
2024-10-18,422.72998046875
2024-10-21,419.53485107421875
2024-10-22,419.4762878417969
2024-10-23,415.4213562011719
2024-10-24,414.0729675292969
2024-10-25,411.493408203125
2024-10-28,414.35626220703125
2024-10-29,412.8222961425781
2024-10-30,412.08935546875
2024-10-31,408.1028747558594
2024-11-01,410.7899475097656
2024-11-04,408.4742126464844
2024-11-05,412.6268615722656
2024-11-06,427.21484375
2024-11-07,427.3711853027344
2024-11-08,430.0289306640625
2024-11-11,432.86248779296875
2024-11-12,429.3253479003906
2024-11-13,429.73577880859375
2024-11-14,427.674072265625
2024-11-15,424.81536865234375
2024-11-18,424.50250244140625
2024-11-19,423.1825866699219
2024-11-20,424.60028076171875
2024-11-21,429.17578125
2024-11-22,433.27239990234375
2024-11-25,437.57421875
2024-11-26,438.8646240234375
2024-11-27,437.7501525878906
2024-11-29,440.0477600097656
2024-12-02,438.7278137207031
2024-12-03,437.89678955078125
2024-12-04,440.8787841796875
2024-12-05,438.6594543457031
2024-12-06,437.1733093261719
2024-12-09,435.14947509765625
2024-12-10,433.79052734375
2024-12-11,432.6368103027344
2024-12-12,430.44683837890625
2024-12-13,429.56689453125
2024-12-16,428.58917236328125
2024-12-17,425.8517150878906
2024-12-18,414.75494384765625
2024-12-19,415.0580139160156
2024-12-20,420.1890563964844
2024-12-23,420.5321960449219
2024-12-24,424.07183837890625
2024-12-26,424.76800537109375
2024-12-27,421.6205749511719
2024-12-30,417.4730224609375
2024-12-31,417.208251953125
2025-01-02,415.5413513183594
2025-01-03,418.8359069824219
2025-01-06,418.8064880371094
2025-01-07,417.04156494140625
2025-01-08,417.8260192871094
2025-01-10,411.1585388183594
2025-01-13,414.7177734375
2025-01-14,416.8650817871094
2025-01-15,423.8168640136719
2025-01-16,423.1501770019531
2025-01-17,426.4087219238281
2025-01-21,431.68585205078125
2025-01-22,432.84326171875
2025-01-23,436.8648681640625
2025-01-24,435.6289367675781
2025-01-27,438.5715637207031
2025-01-28,439.8369445800781
2025-01-29,438.6304626464844
2025-01-30,440.2391052246094
2025-01-31,436.87469482421875
2025-02-03,435.77606201171875
2025-02-04,437.0119323730469
2025-02-05,440.0919494628906
2025-02-06,438.8069763183594
2025-02-07,434.6480407714844
2025-02-10,436.2763366699219
2025-02-11,437.5809326171875
2025-02-12,435.14825439453125
2025-02-13,438.7089538574219
2025-02-14,437.2670593261719
2025-02-18,437.39453125
2025-02-19,438.1301574707031
2025-02-20,433.9320373535156
2025-02-21,426.4848327636719
2025-02-24,426.858154296875
2025-02-25,428.4299011230469
2025-02-26,426.6715087890625
2025-02-27,424.7167053222656
2025-02-28,430.63031005859375
2025-03-03,424.461181640625
2025-03-04,418.05633544921875
2025-03-05,422.8698425292969
2025-03-06,418.3804931640625
2025-03-07,420.6988830566406
2025-03-10,412.08367919921875
2025-03-11,407.41754150390625
2025-03-12,406.6414794921875
2025-03-13,401.5627746582031
2025-03-14,408.0265808105469
2025-03-17,411.8085632324219
2025-03-18,409.1759338378906
2025-03-19,412.9973449707031
2025-03-20,412.70257568359375
2025-03-21,412.9988708496094
2025-03-24,418.77618408203125
2025-03-25,419.1009826660156
2025-03-26,417.5361022949219
2025-03-27,416.2664489746094
2025-03-28,409.0619812011719
2025-03-31,413.25469970703125
2025-04-01,412.96929931640625
2025-04-02,415.3707580566406
2025-04-03,398.8260192871094
2025-04-04,377.1732177734375
2025-04-07,373.58074951171875
2025-04-08,370.5395202636719
2025-04-09,399.6724548339844
2025-04-10,389.43658447265625
2025-04-11,395.5682678222656
2025-04-14,399.0228576660156
2025-04-15,397.3398742675781
2025-04-16,390.50933837890625
2025-04-17,385.37603759765625
2025-04-21,375.784912109375
2025-04-22,385.8782653808594
2025-04-23,389.8565368652344
2025-04-24,394.8489685058594
2025-04-25,394.88836669921875
2025-04-28,396.1192626953125
2025-04-29,399.01422119140625
2025-04-30,400.12701416015625
2025-05-01,401.19049072265625
2025-05-02,406.72454833984375
2025-05-05,405.9565124511719
2025-05-06,401.9978942871094
2025-05-07,404.7650146484375
2025-05-08,407.5517883300781
2025-05-09,406.1141357421875
2025-05-12,417.7434997558594
2025-05-13,415.0650634765625
2025-05-14,414.1197509765625
2025-05-15,417.0049133300781
2025-05-16,420.3476867675781
2025-05-19,421.8159484863281
2025-05-20,420.76153564453125
2025-05-21,412.6610412597656
2025-05-22,412.7300720214844
2025-05-23,410.2762451171875
2025-05-27,417.6868896484375
2025-05-28,415.2922058105469
2025-05-29,416.31707763671875
2025-05-30,416.7014465332031
2025-06-02,417.54888916015625
2025-06-03,419.8155212402344
2025-06-04,418.76104736328125
2025-06-05,417.8051452636719
2025-06-06,422.15106201171875
2025-06-09,422.1313171386719
2025-06-10,423.3631286621094
2025-06-11,423.353271484375
2025-06-12,424.2303161621094
2025-06-13,416.6620788574219
2025-06-16,420.08160400390625
2025-06-17,416.9576416015625
2025-06-18,416.6915588378906
2025-06-20,416.8092041015625
2025-06-23,420.72271728515625
2025-06-24,425.7332458496094
2025-06-25,424.81414794921875
2025-06-26,428.8362731933594
2025-06-27,432.8585205078125
2025-06-30,435.4774475097656
2025-07-01,439.6676940917969
2025-07-02,439.48974609375
2025-07-03,442.8301086425781
2025-07-07,438.7881164550781
2025-07-08,437.1871337890625
2025-07-09,439.302001953125
2025-07-10,441.2587585449219
2025-07-11,438.3631896972656
2025-07-14,439.36126708984375
2025-07-15,434.9832763671875
2025-07-16,437.1673583984375
2025-07-17,439.9937744140625
2025-07-18,438.2349548339844
2025-07-21,438.4129333496094
2025-07-22,439.91571044921875
2025-07-23,445.1061706542969
2025-07-24,442.04132080078125
2025-07-25,443.9296875
2025-07-28,443.2573547363281
2025-07-29,441.4184875488281
2025-07-30,439.7179870605469
2025-07-31,436.3267822265625
2025-08-01,430.78045654296875
2025-08-04,436.80145263671875
2025-08-05,436.1390686035156
2025-08-06,436.9595947265625
2025-08-07,434.7350769042969
2025-08-08,436.9101867675781
2025-08-11,435.02178955078125
2025-08-12,439.63885498046875
2025-08-13,444.32513427734375
2025-08-14,444.06805419921875
2025-08-15,444.6972351074219
2025-08-18,444.2224426269531
2025-08-19,444.45989990234375
2025-08-20,444.5290832519531
2025-08-21,443.1342468261719
2025-08-22,451.7308044433594
2025-08-25,448.19921875
2025-08-26,449.6039123535156
2025-08-27,451.1273498535156
2025-08-28,451.8792419433594
2025-08-29,451.1867370605469
2025-09-02,448.7333679199219
2025-09-03,448.3871765136719
2025-09-04,452.13641357421875
2025-09-05,450.09857177734375
2025-09-08,451.2955627441406
2025-09-09,453.0860900878906
2025-09-10,451.0284423828125
2025-09-11,456.9540710449219
2025-09-12,454.3820495605469
2025-09-15,455.12396240234375
2025-09-16,453.84783935546875
2025-09-17,456.3011169433594
2025-09-18,457.65643310546875
2025-09-19,459.27154541015625
2025-09-22,459.99578857421875
2025-09-23,459.2021179199219
2025-09-24,457.3667297363281
2025-09-25,455.789306640625
2025-09-26,458.6167297363281
2025-09-29,459.3707580566406
2025-09-30,460.065185546875
2025-10-01,460.5810852050781
2025-10-02,461.42431640625
2025-10-03,463.8053283691406
2025-10-06,463.1405944824219
2025-10-07,462.27752685546875
2025-10-08,462.37677001953125
2025-10-09,459.82708740234375
2025-10-10,451.2654724121094
2025-10-13,457.0294189453125
2025-10-14,459.0433044433594
2025-10-15,459.0433044433594
2025-10-16,455.9183349609375
2025-10-17,458.2752990722656
2025-10-20,463.4754943847656
2025-10-21,465.6588439941406
2025-10-22,462.24493408203125
2025-10-23,463.7434997558594
2025-10-24,468.62615966796875
2025-10-27,471.7423095703125
2025-10-28,473.5285949707031
2025-10-29,472.75457763671875
2025-10-30,471.4049377441406
2025-10-31,472.0599060058594
2025-11-03,469.8765869140625
2025-11-04,467.32611083984375
2025-11-05,469.519287109375
2025-11-06,465.7183532714844
2025-11-07,466.2939453125
2025-11-10,470.2239074707031
2025-11-11,475.771484375
2025-11-12,479.0960998535156
2025-11-13,471.136962890625
2025-11-14,468.2192077636719
2025-11-17,462.78082275390625
2025-11-18,457.7989196777344
2025-11-19,458.2554626464844
2025-11-20,454.62322998046875
2025-11-21,459.63720703125
2025-11-24,461.495361328125
2025-11-25,468.192626953125
2025-11-26,471.3425598144531
2025-11-28,474.15460205078125
2025-12-01,470.3190612792969
2025-12-02,472.24676513671875
2025-12-03,476.3704833984375
2025-12-04,476.0326232910156
2025-12-05,476.98651123046875
2025-12-08,475.1184387207031
2025-12-09,473.3994140625
2025-12-10,478.29815673828125
2025-12-11,484.77685546875
2025-12-12,482.3224792480469
2025-12-15,482.0939636230469
2025-12-16,478.9241638183594
2025-12-17,476.7579345703125
2025-12-18,477.4635009765625
2025-12-19,479.14044189453125
2025-12-22,481.4407653808594
2025-12-23,482.2076110839844
2025-12-24,484.9759826660156
2025-12-26,484.99591064453125
2025-12-29,482.56610107421875
2025-12-30,481.57025146484375
2025-12-31,478.5628662109375
2026-01-02,481.6100769042969
2026-01-05,487.7244567871094
2026-01-06,492.54425048828125
2026-01-07,487.91363525390625
2026-01-08,490.472900390625
2026-01-09,492.9525451660156
2026-01-12,493.8288269042969
2026-01-13,489.8854064941406
2026-01-14,489.5268859863281
2026-01-15,492.414794921875
2026-01-16,491.53717041015625
2026-01-20,483.0297546386719
2026-01-21,488.9271240234375
2026-01-22,491.8061218261719
2026-01-23,489.056640625
2026-01-26,492.1746826171875
2026-01-27,488.1899719238281
2026-01-28,488.25970458984375
2026-01-29,488.3393859863281
2026-01-30,487.1639099121094
2026-02-02,492.1448059082031
2026-02-03,490.4313659667969
2026-02-04,492.8620910644531
2026-02-05,487.0443420410156
2026-02-06,499.11810302734375
2026-02-09,499.3074035644531
2026-02-10,499.9847717285156
2026-02-11,499.41693115234375
2026-02-12,492.7823791503906
2026-02-13,493.3900146484375
2026-02-17,493.9578552246094
2026-02-18,495.1034851074219
2026-02-19,492.4934997558594
2026-02-20,494.8005065917969
2026-02-23,486.7513427734375
2026-02-24,490.5216064453125
2026-02-25,493.5437927246094
2026-02-26,493.5836486816406
2026-02-27,488.3970642089844
2026-03-02,487.9183044433594
2026-03-03,484.26776123046875
2026-03-04,486.4820251464844
2026-03-05,478.6023864746094
2026-03-06,474.0043029785156
2026-03-09,476.6474609375
2026-03-10,476.4679260253906
2026-03-11,473.5853576660156
2026-03-12,466.2742919921875
2026-03-13,465.2070617675781
2026-03-16,469.0870056152344
2026-03-17,469.6854248046875
2026-03-18,461.80584716796875
2026-03-19,459.870849609375
2026-03-20,455.6966247558594
2026-03-23,461.7740173339844
2026-03-24,460.9743957519531
2026-03-25,463.943115234375
2026-03-26,459.1151428222656
2026-03-27,451.19854736328125
2026-03-30,451.86822509765625
2026-03-31,462.9934997558594
2026-04-01,465.2825622558594
2026-04-02,464.8627014160156
2026-04-06,466.5719909667969
2026-04-07,465.682373046875
2026-04-08,478.95672607421875
2026-04-09,481.695556640625
2026-04-10,479.04669189453125
2026-04-13,481.92547607421875
2026-04-14,485.2840270996094
2026-04-15,484.5143737792969
2026-04-16,485.42401123046875
2026-04-17,494.2200012207031
